﻿ZipCode,NEIGHBORHOOD
10453,Central/East Bronx
10457,Central/East Bronx
10460,Central/East Bronx
10458,Bronx Park/Fordham
10467,Bronx Park/Fordham
10468,Bronx Park/Fordham
10451,High Bridge/Morrisania
10452,High Bridge/Morrisania
10456,High Bridge/Morrisania
10454,Hunts Point/Mott Haven
10455,Hunts Point/Mott Haven
10459,Hunts Point/Mott Haven
10474,Hunts Point/Mott Haven
10463,Kingsbridge/Riverdale
10471,Kingsbridge/Riverdale
10466,Central/East Bronx
10469,Central/East Bronx
10470,Central/East Bronx
10475,Central/East Bronx
10461,Central/East Bronx
10462,Central/East Bronx
10464,Central/East Bronx
10465,Central/East Bronx
10472,Central/East Bronx
10473,Central/East Bronx
11212,Central/Southwest Brooklyn
11213,Central/Southwest Brooklyn
11216,Central/Southwest Brooklyn
11233,Central/Southwest Brooklyn
11238,Central/Southwest Brooklyn
11209,Central/Southwest Brooklyn
11214,Central/Southwest Brooklyn
11228,Central/Southwest Brooklyn
11204,Borough Park
11218,Borough Park
11219,Borough Park
11230,Borough Park
11234,Canarsie/Flatlands
11236,Canarsie/Flatlands
11239,Canarsie/Flatlands
11223,Southern Brooklyn
11224,Southern Brooklyn
11229,Southern Brooklyn
11235,Southern Brooklyn
11201,Northwest Brooklyn/Flatbush
11205,Northwest Brooklyn/Flatbush
11215,Northwest Brooklyn/Flatbush
11217,Northwest Brooklyn/Flatbush
11231,Northwest Brooklyn/Flatbush
11203,Northwest Brooklyn/Flatbush
11210,Northwest Brooklyn/Flatbush
11225,Northwest Brooklyn/Flatbush
11226,Northwest Brooklyn/Flatbush
11207,East New York/Lots
11208,East New York/Lots
11211,Greenpoint/Sunset Park
11222,Greenpoint/Sunset Park
11220,Greenpoint/Sunset Park
11232,Greenpoint/Sunset Park
11206,Bushwick/Williamsburg
11221,Bushwick/Williamsburg
11237,Bushwick/Williamsburg
10026,Harlem
10027,Harlem
10030,Harlem
10037,Harlem
10039,Harlem
10029,Harlem
10035,Harlem
10001,Chelsea/Clinton
10011,Chelsea/Clinton
10018,Chelsea/Clinton
10019,Chelsea/Clinton
10020,Chelsea/Clinton
10036,Chelsea/Clinton
10010,Gramercy Park/Murray Hill
10016,Gramercy Park/Murray Hill
10017,Gramercy Park/Murray Hill
10022,Gramercy Park/Murray Hill
10012,Greenwich Village/Soho
10013,Greenwich Village/Soho
10014,Greenwich Village/Soho
10004,Lower Manhattan
10005,Lower Manhattan
10006,Lower Manhattan
10007,Lower Manhattan
10038,Lower Manhattan
10280,Lower Manhattan
10002,East Side
10003,East Side
10009,East Side
10021,East Side
10028,East Side
10044,East Side
10065,East Side
10075,East Side
10128,East Side
10023,Upper West Side
10024,Upper West Side
10025,Upper West Side
10031,Inwood/Washington Heights
10032,Inwood/Washington Heights
10033,Inwood/Washington Heights
10034,Inwood/Washington Heights
10040,Inwood/Washington Heights
11354,North Queens
11355,North Queens
11356,North Queens
11357,North Queens
11358,North Queens
11359,North Queens
11360,North Queens
11361,North Queens
11362,North Queens
11363,North Queens
11364,North Queens
11101,North Queens
11102,North Queens
11103,North Queens
11104,North Queens
11105,North Queens
11106,North Queens
11365,Central Queens
11366,Central Queens
11367,Central Queens
11412,Jamaica/Rockaways
11423,Jamaica/Rockaways
11432,Jamaica/Rockaways
11433,Jamaica/Rockaways
11434,Jamaica/Rockaways
11435,Jamaica/Rockaways
11436,Jamaica/Rockaways
11374,West Central Queens
11375,West Central Queens
11379,West Central Queens
11385,West Central Queens
11691,Jamaica/Rockaways
11692,Jamaica/Rockaways
11693,Jamaica/Rockaways
11694,Jamaica/Rockaways
11695,Jamaica/Rockaways
11697,Jamaica/Rockaways
11004,Southeast Queens
11005,Southeast Queens
11411,Southeast Queens
11413,Southeast Queens
11422,Southeast Queens
11426,Southeast Queens
11427,Southeast Queens
11428,Southeast Queens
11429,Southeast Queens
11414,Southwest Queens
11415,Southwest Queens
11416,Southwest Queens
11417,Southwest Queens
11418,Southwest Queens
11419,Southwest Queens
11420,Southwest Queens
11421,Southwest Queens
11368,West Queens
11369,West Queens
11370,West Queens
11372,West Queens
11373,West Queens
11377,West Queens
11378,West Queens
10302,Port Richmond/Mid-Island
10303,Port Richmond/Mid-Island
10310,Port Richmond/Mid-Island
10314,Port Richmond/Mid-Island
10306,South Shore
10307,South Shore
10308,South Shore
10309,South Shore
10312,South Shore
10301,Stapleton/St George
10304,Stapleton/St George
10305,Stapleton/St George
